{"cameraMode":{"drawMode":0,"name":"Shaded","section":"Shading Mode"},"sceneLighting":true,"audioPlay":false,"sceneViewState":{"showFog":true,"showMaterialUpdate":false,"showSkybox":true,"showFlares":true,"showImageEffects":true,"showParticleSystems":true},"in2DMode":false,"pivot":{"x":0.965425968170166,"y":5.198850631713867,"z":0.05637168884277344},"rotation":{"x":-0.0524756945669651,"y":0.0014979152474552394,"z":0.00007865273801144212,"w":0.9986218214035034},"size":6.912099361419678,"orthographic":false}