{"cameraMode":{"drawMode":0,"name":"Shaded","section":"Shading Mode"},"sceneLighting":true,"audioPlay":false,"sceneViewState":{"showFog":true,"showMaterialUpdate":false,"showSkybox":true,"showFlares":true,"showImageEffects":true,"showParticleSystems":true},"in2DMode":false,"pivot":{"x":4.717031002044678,"y":17.332935333251954,"z":-37.17941665649414},"rotation":{"x":-0.019807161763310434,"y":0.009595437906682492,"z":-0.00018931271915789694,"w":-0.9997614622116089},"size":12.760909080505371,"orthographic":false}