{"cameraMode":{"drawMode":0,"name":"Shaded","section":"Shading Mode"},"sceneLighting":true,"audioPlay":false,"sceneViewState":{"showFog":true,"showMaterialUpdate":false,"showSkybox":true,"showFlares":true,"showImageEffects":true,"showParticleSystems":true},"in2DMode":false,"pivot":{"x":2.6251697540283205,"y":3.684358596801758,"z":-4.077913284301758},"rotation":{"x":-0.044804055243730548,"y":0.9419615268707275,"z":-0.13977204263210298,"w":-0.3019425570964813},"size":9.675275802612305,"orthographic":false}