{"cameraMode":{"drawMode":0,"name":"Shaded","section":"Shading Mode"},"sceneLighting":true,"audioPlay":false,"sceneViewState":{"showFog":true,"showMaterialUpdate":false,"showSkybox":true,"showFlares":true,"showImageEffects":true,"showParticleSystems":true},"in2DMode":false,"pivot":{"x":1.4594590663909913,"y":1.0357524156570435,"z":-16.06159019470215},"rotation":{"x":0.23326237499713899,"y":-0.02333533950150013,"z":0.005599381402134895,"w":0.9721185564994812},"size":3.5151374340057375,"orthographic":false}