{"cameraMode":{"drawMode":0,"name":"Shaded","section":"Shading Mode"},"sceneLighting":true,"audioPlay":false,"sceneViewState":{"showFog":true,"showMaterialUpdate":false,"showSkybox":true,"showFlares":true,"showImageEffects":true,"showParticleSystems":true},"in2DMode":false,"pivot":{"x":1.7283581495285035,"y":5.664445877075195,"z":-27.84271240234375},"rotation":{"x":0.11668595671653748,"y":-0.02830134890973568,"z":0.003326467704027891,"w":0.9927603602409363},"size":28.81337547302246,"orthographic":true}